iter	MultiClass
0	1.01911109
1	0.8241608811
2	0.6969859852
3	0.6299661889
4	0.5731529119
5	0.5144469475
6	0.4558922655
7	0.4031895581
8	0.3841044227
9	0.3675163173
10	0.335448151
11	0.3154029553
12	0.2869437226
13	0.270990584
14	0.2479831863
15	0.233555361
16	0.2266059893
17	0.2191247721
18	0.1998471016
19	0.1899278296
20	0.1811783467
21	0.1711129667
22	0.1631339352
23	0.1583274081
24	0.1471507838
25	0.1393967654
26	0.1314923262
27	0.1244127666
28	0.1217426478
29	0.1160804717
30	0.1100815041
31	0.1049001054
32	0.1003653205
33	0.09719207283
34	0.09290525621
35	0.08808974691
36	0.08454168816
37	0.08117416526
38	0.07705256492
39	0.07418051175
40	0.07063573611
41	0.06939420717
42	0.06720684309
43	0.06471713096
44	0.06243196919
45	0.06071207661
46	0.05898129227
47	0.05700173876
48	0.05391010575
49	0.05213807296
50	0.05074383657
51	0.0487616082
52	0.04730066269
53	0.04639979438
54	0.04425206043
55	0.04166276074
56	0.04015503706
57	0.03904414667
58	0.03779242748
59	0.03664124836
60	0.03532604961
61	0.03387446003
62	0.03292525041
63	0.03206214024
64	0.0309764667
65	0.03021428926
66	0.02954061694
67	0.02853066189
68	0.0279211423
69	0.02711856735
70	0.02620550791
71	0.02555586427
72	0.02507371617
73	0.02361869328
74	0.02304982289
75	0.0221982554
76	0.0216710952
77	0.02093344491
78	0.0203186241
79	0.01962699196
80	0.01902920352
81	0.01882477605
82	0.01834110158
83	0.01769642304
84	0.01735326555
85	0.01689645256
86	0.01644852416
87	0.01597420552
88	0.01547525411
89	0.01511740607
90	0.01471958154
91	0.01425971997
92	0.01375996386
93	0.01332085482
94	0.01310260654
95	0.01245263616
96	0.01226034708
97	0.01187597533
98	0.01139853038
99	0.01122398455
100	0.01074124303
101	0.01045046091
102	0.01020884071
103	0.01007048436
104	0.009822721225
105	0.009615237451
106	0.009521216447
107	0.009347034019
108	0.009152735839
109	0.008960448903
110	0.008723125096
111	0.008426427098
112	0.008240460249
113	0.008083758338
114	0.007961588352
115	0.007808434366
116	0.007628657187
117	0.007343769373
118	0.007143242991
119	0.007005985476
120	0.006813667077
121	0.006713737202
122	0.00658760869
123	0.006440278334
124	0.006298761648
125	0.006176483746
126	0.006064215171
127	0.005931603439
128	0.005707850521
129	0.005617328976
130	0.00555417818
131	0.005365501935
132	0.005229682002
133	0.00503822897
134	0.004926862227
135	0.004833835188
136	0.004718673476
137	0.004656932294
138	0.004544828498
139	0.004469593999
140	0.004420982534
141	0.004336750438
142	0.004270071202
143	0.004111208483
144	0.004078768621
145	0.004001756326
146	0.003912617175
147	0.003771244407
148	0.003689241687
149	0.003639795442
150	0.003592885988
151	0.003487141455
152	0.003443024376
153	0.003385907932
154	0.003284065181
155	0.003228549753
156	0.003151414483
157	0.003097344734
158	0.003029042146
159	0.002961969406
160	0.002925251728
161	0.00287743155
162	0.002800255724
163	0.002758650078
164	0.002698391581
165	0.002650864385
166	0.002594546896
167	0.00257416713
168	0.002532692406
169	0.00249701005
170	0.002445748648
171	0.002399387526
172	0.002333542094
173	0.002291507381
174	0.002236142107
175	0.002212576563
176	0.002154289945
177	0.002128391984
178	0.002073470271
179	0.002044860959
180	0.001992500319
181	0.001953770323
182	0.0019074179
183	0.001861718613
184	0.001818043745
185	0.001804279756
186	0.001767265773
187	0.001749967905
188	0.001741543768
189	0.001697570036
190	0.001672963453
191	0.001647987828
192	0.001584440242
193	0.001556127517
194	0.001538838606
195	0.001506057538
196	0.001495035864
197	0.001486942976
198	0.001448986373
199	0.001414176317
200	0.001393334605
201	0.001361885222
202	0.001339813783
203	0.001326703438
204	0.001306371142
205	0.001275076201
206	0.001260710765
207	0.001239863174
208	0.001214486906
209	0.001189926086
210	0.001177131669
211	0.001157635589
212	0.001112749881
213	0.001091752274
214	0.001077535781
215	0.001049849524
216	0.001024738309
217	0.001013315492
218	0.0009949734193
219	0.0009846059581
220	0.0009706942894
221	0.0009607477552
222	0.0009509913889
223	0.0009385738947
224	0.0009323206986
225	0.0009173108422
226	0.000898152819
227	0.0008844286417
228	0.0008734004601
229	0.0008628310504
230	0.0008570594864
231	0.0008447104196
232	0.0008277885921
233	0.0008123466383
234	0.0008049155321
235	0.0007974131934
236	0.000787679292
237	0.0007735223519
238	0.0007591160957
239	0.0007496904514
240	0.0007386166138
241	0.0007218849432
242	0.0007153671713
243	0.0007030681317
244	0.0006928730315
245	0.0006763072598
246	0.0006652853846
247	0.0006597396319
248	0.0006531911339
249	0.0006408066257
250	0.0006314545632
251	0.0006167302286
252	0.0006083983377
253	0.0006017248096
254	0.0005892081519
255	0.0005831147229
256	0.0005751873902
257	0.0005720587496
258	0.0005601150419
259	0.0005555165946
260	0.0005401464448
261	0.0005297504269
262	0.0005242347001
263	0.0005162744584
264	0.0005111544175
265	0.0005054337721
266	0.0004956488297
267	0.0004916705181
268	0.0004817791688
269	0.0004757246979
270	0.0004726210406
271	0.0004647598886
272	0.0004595268134
273	0.0004532123947
274	0.0004503708984
275	0.0004471045284
276	0.0004415886827
277	0.0004377042281
278	0.0004349558293
279	0.0004309373846
280	0.0004267611595
281	0.0004240625613
282	0.0004146688435
283	0.0004092899009
284	0.0004065226663
285	0.000398228554
286	0.0003882862217
287	0.000385918735
288	0.0003822487168
289	0.000377250291
290	0.0003735644786
291	0.0003714105111
292	0.000367147976
293	0.0003644854022
294	0.000358778032
295	0.0003513170083
296	0.0003470925709
297	0.0003436930761
298	0.0003382587094
299	0.0003356128933
300	0.0003322291957
301	0.0003289363461
302	0.0003255256385
303	0.0003230561901
304	0.0003179547695
305	0.000310718366
306	0.0003087424708
307	0.0003062502034
308	0.0003021462167
309	0.0003002743695
310	0.0002974886047
311	0.0002940619933
312	0.0002928581202
313	0.0002912483311
314	0.0002868318107
315	0.0002807502599
316	0.0002788882979
317	0.0002755767486
318	0.0002732435567
319	0.0002696568535
320	0.000268507315
321	0.000266951415
322	0.0002647244996
323	0.0002622014826
324	0.0002595062436
325	0.0002553720086
326	0.0002534620084
327	0.0002507003703
328	0.0002473828396
329	0.0002431151886
330	0.0002409355696
331	0.0002393591183
332	0.0002381763429
333	0.0002352143172
334	0.0002339601997
335	0.0002334049552
336	0.0002324446345
337	0.0002301919023
338	0.0002277331163
339	0.000224569175
340	0.0002232259269
341	0.0002204284869
342	0.0002196432066
343	0.000217401302
344	0.0002146869969
345	0.0002130699996
346	0.0002119871432
347	0.0002110848089
348	0.0002083133447
349	0.0002073321879
350	0.0002054494378
351	0.0002038512001
352	0.0002032704416
353	0.0002022655209
354	0.0002016703013
355	0.0001993385652
356	0.0001988234964
357	0.0001979576559
358	0.0001963757554
359	0.0001953001382
360	0.0001935760204
361	0.0001923854945
362	0.0001900399298
363	0.000189667447
364	0.0001873493909
365	0.0001862959241
366	0.0001847981808
367	0.0001839584781
368	0.0001827568234
369	0.0001804676322
370	0.0001792675586
371	0.0001781340532
372	0.0001756467836
373	0.000174111951
374	0.0001727983614
375	0.0001710181966
376	0.0001693619833
377	0.0001679491749
378	0.0001661465776
379	0.0001653979826
380	0.0001646167773
381	0.0001638885112
382	0.0001623869937
383	0.0001610002606
384	0.0001600228323
385	0.0001589163484
386	0.0001578378613
387	0.0001559838735
388	0.0001555515461
389	0.0001544597065
390	0.0001535321129
391	0.000153029063
392	0.00015236897
393	0.0001495338083
394	0.0001486875772
395	0.0001463984454
396	0.0001455186746
397	0.0001434396026
398	0.0001428587138
399	0.0001420628799
400	0.0001409633998
401	0.0001402257729
402	0.0001390664088
403	0.0001375210916
404	0.0001368802505
405	0.0001360159983
406	0.000134852884
407	0.0001341045153
408	0.0001329570497
409	0.000132133314
410	0.0001306868285
411	0.0001296156287
412	0.0001283450895
413	0.0001278045153
414	0.0001264903519
415	0.0001258994213
416	0.0001251037839
417	0.0001242892018
418	0.0001236219851
419	0.0001211683111
420	0.0001207237408
421	0.0001201767642
422	0.0001195417679
423	0.0001191732285
424	0.0001188247078
425	0.0001181744151
426	0.0001175668562
427	0.0001170536919
428	0.0001167243596
429	0.0001155880063
430	0.0001145364587
431	0.0001140858693
432	0.0001136388723
433	0.0001130223032
434	0.0001117062472
435	0.000110947066
436	0.0001099855117
437	0.0001092967377
438	0.0001088445189
439	0.0001081912453
440	0.0001078805172
441	0.0001072174859
442	0.0001069881169
443	0.0001066854942
444	0.0001059304525
445	0.0001054564197
446	0.0001049136593
447	0.0001043581407
448	0.0001035445225
449	0.0001025588914
450	0.0001016895051
451	0.0001010262126
452	0.000100166225
453	9.948122961e-05
454	9.920292147e-05
455	9.85571512e-05
456	9.82334061e-05
457	9.775096146e-05
458	9.727058055e-05
459	9.697983741e-05
460	9.659091795e-05
461	9.588397838e-05
462	9.525829111e-05
463	9.472896231e-05
464	9.42575306e-05
465	9.360892355e-05
466	9.287553254e-05
467	9.244261035e-05
468	9.119058547e-05
469	9.08324405e-05
470	9.039960029e-05
471	8.995707117e-05
472	8.899616644e-05
473	8.858712076e-05
474	8.701850832e-05
475	8.671660053e-05
476	8.642091799e-05
477	8.591405541e-05
478	8.559063019e-05
479	8.533043437e-05
480	8.466951921e-05
481	8.420330211e-05
482	8.375400387e-05
483	8.342631071e-05
484	8.303753225e-05
485	8.247324617e-05
486	8.215449587e-05
487	8.16909283e-05
488	8.140471216e-05
489	8.12721367e-05
490	8.08152711e-05
491	8.04994422e-05
492	7.994819118e-05
493	7.960187115e-05
494	7.929419559e-05
495	7.877565986e-05
496	7.833326842e-05
497	7.781847003e-05
498	7.750547665e-05
499	7.719526425e-05
500	7.676830415e-05
501	7.638271378e-05
502	7.603282097e-05
503	7.584081504e-05
504	7.533763717e-05
505	7.505118533e-05
506	7.475408897e-05
507	7.432626005e-05
508	7.397229848e-05
509	7.344750272e-05
510	7.325646827e-05
511	7.301446185e-05
512	7.274403371e-05
513	7.244632185e-05
514	7.21545401e-05
515	7.203862508e-05
516	7.157759485e-05
517	7.125392453e-05
518	7.097756417e-05
519	7.071056795e-05
520	7.056283901e-05
521	6.961748984e-05
522	6.900467526e-05
523	6.884081959e-05
524	6.841660417e-05
525	6.826725725e-05
526	6.810545868e-05
527	6.798004674e-05
528	6.744051e-05
529	6.727800281e-05
530	6.703558856e-05
531	6.672677066e-05
532	6.627942254e-05
533	6.586810199e-05
534	6.5677228e-05
535	6.546212687e-05
536	6.509701011e-05
537	6.485566025e-05
538	6.416963962e-05
539	6.394624107e-05
540	6.360237196e-05
541	6.325050521e-05
542	6.253761439e-05
543	6.239877955e-05
544	6.20908464e-05
545	6.183909646e-05
546	6.171080736e-05
547	6.130274611e-05
548	6.08883696e-05
549	6.072216495e-05
550	6.060732948e-05
551	6.030389345e-05
552	5.992511394e-05
553	5.955223806e-05
554	5.93781005e-05
555	5.910937851e-05
556	5.891297777e-05
557	5.851767031e-05
558	5.814022071e-05
559	5.790729768e-05
560	5.757329462e-05
561	5.740159257e-05
562	5.721291848e-05
563	5.701547648e-05
564	5.671123864e-05
565	5.656613485e-05
566	5.646578859e-05
567	5.627349767e-05
568	5.594023673e-05
569	5.545109359e-05
570	5.524356954e-05
571	5.505272874e-05
572	5.487689519e-05
573	5.465863185e-05
574	5.435941293e-05
575	5.41500845e-05
576	5.401105178e-05
577	5.381140754e-05
578	5.372636054e-05
579	5.357385931e-05
580	5.335122174e-05
581	5.320787275e-05
582	5.305975577e-05
583	5.291130548e-05
584	5.258293835e-05
585	5.216248399e-05
586	5.195120785e-05
587	5.181144151e-05
588	5.15616138e-05
589	5.142290444e-05
590	5.114491649e-05
591	5.107409921e-05
592	5.091701205e-05
593	5.081872035e-05
594	5.06414429e-05
595	5.055928227e-05
596	5.039587014e-05
597	5.027120808e-05
598	5.004780367e-05
599	4.989503881e-05
600	4.964037934e-05
601	4.939022169e-05
602	4.912635496e-05
603	4.886873283e-05
604	4.877774239e-05
605	4.848413468e-05
606	4.833035529e-05
607	4.811216438e-05
608	4.791673783e-05
609	4.774254545e-05
610	4.753658869e-05
611	4.73785182e-05
612	4.726973523e-05
613	4.705689772e-05
614	4.689782154e-05
615	4.67804005e-05
616	4.650977499e-05
617	4.643838389e-05
618	4.618471483e-05
619	4.610903353e-05
620	4.58766507e-05
621	4.573640501e-05
622	4.559543406e-05
623	4.535373484e-05
624	4.517485311e-05
625	4.505473074e-05
626	4.498196871e-05
627	4.474086504e-05
628	4.461915721e-05
629	4.452486982e-05
630	4.445525893e-05
631	4.426761478e-05
632	4.416519902e-05
633	4.395258024e-05
634	4.373264941e-05
635	4.366307287e-05
636	4.352848225e-05
637	4.341715857e-05
638	4.327470752e-05
639	4.317420054e-05
640	4.296146489e-05
641	4.287555259e-05
642	4.279726184e-05
643	4.269424186e-05
644	4.257114793e-05
645	4.243416419e-05
646	4.238224266e-05
647	4.229174841e-05
648	4.224997069e-05
649	4.206374347e-05
650	4.190053992e-05
651	4.17436352e-05
652	4.17011515e-05
653	4.158023675e-05
654	4.14080474e-05
655	4.125686268e-05
656	4.114279676e-05
657	4.10868293e-05
658	4.1016021e-05
659	4.090176676e-05
660	4.083980135e-05
661	4.07136747e-05
662	4.06298435e-05
663	4.046809371e-05
664	4.035984527e-05
665	4.030582899e-05
666	4.020270025e-05
667	4.005669164e-05
668	3.995886917e-05
669	3.98420309e-05
670	3.975687233e-05
671	3.967834358e-05
672	3.961483785e-05
673	3.952040397e-05
674	3.944515082e-05
675	3.925092763e-05
676	3.910940628e-05
677	3.90045164e-05
678	3.893706619e-05
679	3.885492804e-05
680	3.877004924e-05
681	3.871915414e-05
682	3.859556558e-05
683	3.844394094e-05
684	3.834347216e-05
685	3.824598443e-05
686	3.813167065e-05
687	3.803164056e-05
688	3.790375562e-05
689	3.779913868e-05
690	3.771200025e-05
691	3.767995319e-05
692	3.755416258e-05
693	3.745989277e-05
694	3.738768936e-05
695	3.729828363e-05
696	3.71933439e-05
697	3.701866532e-05
698	3.68844626e-05
699	3.67450118e-05
